[
  {
    "title": "Booki – HTML/CSS",
    "description": "Intégration d'une maquette responsive en HTML/CSS.",
    "tech": ["HTML", "CSS", "Responsive"],
    "tags": ["OpenClassrooms", "Intégration"],
    "githubUrl": "",
    "demoUrl": "",
    "coverImage": "",
    "featured": true,
    "order": 1,
    "createdAt": "2024-03-01T00:00:00.000Z"
  },
  {
    "title": "Sophie Bluel – JavaScript",
    "description": "Gestion d'une galerie avec JavaScript, modales et API.",
    "tech": ["JavaScript", "Fetch API"],
    "tags": ["OpenClassrooms", "JS"],
    "githubUrl": "",
    "demoUrl": "",
    "coverImage": "",
    "featured": true,
    "order": 2,
    "createdAt": "2024-04-01T00:00:00.000Z"
  },
  {
    "title": "Nina Carducci – Optimisation/SEO",
    "description": "Audit de performance, SEO, accessibilité et correctifs.",
    "tech": ["Lighthouse", "SEO", "a11y"],
    "tags": ["OpenClassrooms", "Optimisation"],
    "githubUrl": "",
    "demoUrl": "",
    "coverImage": "",
    "featured": true,
    "order": 3,
    "createdAt": "2024-06-01T00:00:00.000Z"
  },
  {
    "title": "Kasa – React",
    "description": "Application de location d’appartements en React (SPA).",
    "tech": ["React", "Vite", "Sass", "Router"],
    "tags": ["OpenClassrooms", "Front-end"],
    "githubUrl": "",
    "demoUrl": "",
    "coverImage": "",
    "featured": true,
    "order": 4,
    "createdAt": "2024-07-01T00:00:00.000Z"
  },
  {
    "title": "Mon Vieux Grimoire – Node/Express/MongoDB",
    "description": "API sécurisée pour la notation de livres (backend).",
    "tech": ["Node.js", "Express", "MongoDB"],
    "tags": ["OpenClassrooms", "Back-end"],
    "githubUrl": "",
    "demoUrl": "",
    "coverImage": "",
    "featured": true,
    "order": 5,
    "createdAt": "2024-08-01T00:00:00.000Z"
  },
  {
    "title": "Menu Maker (Qwenta) – Planification",
    "description": "Plan de développement, gestion de projet, livrables.",
    "tech": ["Gestion de projet", "Kanban"],
    "tags": ["OpenClassrooms", "Planification"],
    "githubUrl": "",
    "demoUrl": "",
    "coverImage": "",
    "featured": false,
    "order": 6,
    "createdAt": "2024-09-01T00:00:00.000Z"
  },
  {
    "title": "Portfolio Nico – React + SCSS",
    "description": "Portfolio personnel responsive en React avec SCSS.",
    "tech": ["React", "SCSS", "Vite"],
    "tags": ["Personnel", "Portfolio"],
    "githubUrl": "",
    "demoUrl": "",
    "coverImage": "",
    "featured": true,
    "order": 0,
    "createdAt": "2025-08-17T00:00:00.000Z"
  }
]
